CustomerID,Name,Email
1,Customer0,customer0@example.com
2,Customer1,customer1@example.com
3,Customer2,customer2@example.com
4,Customer3,customer3@example.com
5,Customer4,customer4@example.com
6,Customer5,customer5@example.com
7,Customer6,customer6@example.com
8,Customer7,customer7@example.com
9,Customer8,customer8@example.com
10,Customer9,customer9@example.com
11,Customer10,customer10@example.com
12,Customer11,customer11@example.com
13,Customer12,customer12@example.com
14,Customer13,customer13@example.com
15,Customer14,customer14@example.com
16,Customer15,customer15@example.com
17,Customer16,customer16@example.com
18,Customer17,customer17@example.com
19,Customer18,customer18@example.com
20,Customer19,customer19@example.com
21,Customer20,customer20@example.com
22,Customer21,customer21@example.com
23,Customer22,customer22@example.com
24,Customer23,customer23@example.com
25,Customer24,customer24@example.com
26,Customer25,customer25@example.com
27,Customer26,customer26@example.com
28,Customer27,customer27@example.com
29,Customer28,customer28@example.com
30,Customer29,customer29@example.com
31,Customer30,customer30@example.com
32,Customer31,customer31@example.com
33,Customer32,customer32@example.com
34,Customer33,customer33@example.com
35,Customer34,customer34@example.com
36,Customer35,customer35@example.com
37,Customer36,customer36@example.com
38,Customer37,customer37@example.com
39,Customer38,customer38@example.com
40,Customer39,customer39@example.com
41,Customer40,customer40@example.com
42,Customer41,customer41@example.com
43,Customer42,customer42@example.com
44,Customer43,customer43@example.com
45,Customer44,customer44@example.com
46,Customer45,customer45@example.com
47,Customer46,customer46@example.com
48,Customer47,customer47@example.com
49,Customer48,customer48@example.com
50,Customer49,customer49@example.com
51,Customer50,customer50@example.com
52,Customer51,customer51@example.com
53,Customer52,customer52@example.com
54,Customer53,customer53@example.com
55,Customer54,customer54@example.com
56,Customer55,customer55@example.com
57,Customer56,customer56@example.com
58,Customer57,customer57@example.com
59,Customer58,customer58@example.com
60,Customer59,customer59@example.com
61,Customer60,customer60@example.com
62,Customer61,customer61@example.com
63,Customer62,customer62@example.com
64,Customer63,customer63@example.com
65,Customer64,customer64@example.com
66,Customer65,customer65@example.com
67,Customer66,customer66@example.com
68,Customer67,customer67@example.com
69,Customer68,customer68@example.com
70,Customer69,customer69@example.com
71,Customer70,customer70@example.com
72,Customer71,customer71@example.com
73,Customer72,customer72@example.com
74,Customer73,customer73@example.com
75,Customer74,customer74@example.com
76,Customer75,customer75@example.com
77,Customer76,customer76@example.com
78,Customer77,customer77@example.com
79,Customer78,customer78@example.com
80,Customer79,customer79@example.com
81,Customer80,customer80@example.com
82,Customer81,customer81@example.com
83,Customer82,customer82@example.com
84,Customer83,customer83@example.com
85,Customer84,customer84@example.com
86,Customer85,customer85@example.com
87,Customer86,customer86@example.com
88,Customer87,customer87@example.com
89,Customer88,customer88@example.com
90,Customer89,customer89@example.com
91,Customer90,customer90@example.com
92,Customer91,customer91@example.com
93,Customer92,customer92@example.com
94,Customer93,customer93@example.com
95,Customer94,customer94@example.com
96,Customer95,customer95@example.com
97,Customer96,customer96@example.com
98,Customer97,customer97@example.com
99,Customer98,customer98@example.com
100,Customer99,customer99@example.com
101,Customer100,customer100@example.com
102,Customer101,customer101@example.com
103,Customer102,customer102@example.com
104,Customer103,customer103@example.com
105,Customer104,customer104@example.com
106,Customer105,customer105@example.com
107,Customer106,customer106@example.com
108,Customer107,customer107@example.com
109,Customer108,customer108@example.com
110,Customer109,customer109@example.com
111,Customer110,customer110@example.com
112,Customer111,customer111@example.com
113,Customer112,customer112@example.com
114,Customer113,customer113@example.com
115,Customer114,customer114@example.com
116,Customer115,customer115@example.com
117,Customer116,customer116@example.com
118,Customer117,customer117@example.com
119,Customer118,customer118@example.com
120,Customer119,customer119@example.com
121,Customer120,customer120@example.com
122,Customer121,customer121@example.com
123,Customer122,customer122@example.com
124,Customer123,customer123@example.com
125,Customer124,customer124@example.com
126,Customer125,customer125@example.com
127,Customer126,customer126@example.com
128,Customer127,customer127@example.com
129,Customer128,customer128@example.com
130,Customer129,customer129@example.com
131,Customer130,customer130@example.com
132,Customer131,customer131@example.com
133,Customer132,customer132@example.com
134,Customer133,customer133@example.com
135,Customer134,customer134@example.com
136,Customer135,customer135@example.com
137,Customer136,customer136@example.com
138,Customer137,customer137@example.com
139,Customer138,customer138@example.com
140,Customer139,customer139@example.com
141,Customer140,customer140@example.com
142,Customer141,customer141@example.com
143,Customer142,customer142@example.com
144,Customer143,customer143@example.com
145,Customer144,customer144@example.com
146,Customer145,customer145@example.com
147,Customer146,customer146@example.com
148,Customer147,customer147@example.com
149,Customer148,customer148@example.com
150,Customer149,customer149@example.com
151,Customer150,customer150@example.com
152,Customer151,customer151@example.com
153,Customer152,customer152@example.com
154,Customer153,customer153@example.com
155,Customer154,customer154@example.com
156,Customer155,customer155@example.com
157,Customer156,customer156@example.com
158,Customer157,customer157@example.com
159,Customer158,customer158@example.com
160,Customer159,customer159@example.com
161,Customer160,customer160@example.com
162,Customer161,customer161@example.com
163,Customer162,customer162@example.com
164,Customer163,customer163@example.com
165,Customer164,customer164@example.com
166,Customer165,customer165@example.com
167,Customer166,customer166@example.com
168,Customer167,customer167@example.com
169,Customer168,customer168@example.com
170,Customer169,customer169@example.com
171,Customer170,customer170@example.com
172,Customer171,customer171@example.com
173,Customer172,customer172@example.com
174,Customer173,customer173@example.com
175,Customer174,customer174@example.com
176,Customer175,customer175@example.com
177,Customer176,customer176@example.com
178,Customer177,customer177@example.com
179,Customer178,customer178@example.com
180,Customer179,customer179@example.com
181,Customer180,customer180@example.com
182,Customer181,customer181@example.com
183,Customer182,customer182@example.com
184,Customer183,customer183@example.com
185,Customer184,customer184@example.com
186,Customer185,customer185@example.com
187,Customer186,customer186@example.com
188,Customer187,customer187@example.com
189,Customer188,customer188@example.com
190,Customer189,customer189@example.com
191,Customer190,customer190@example.com
192,Customer191,customer191@example.com
193,Customer192,customer192@example.com
194,Customer193,customer193@example.com
195,Customer194,customer194@example.com
196,Customer195,customer195@example.com
197,Customer196,customer196@example.com
198,Customer197,customer197@example.com
199,Customer198,customer198@example.com
200,Customer199,customer199@example.com
201,Customer200,customer200@example.com
202,Customer201,customer201@example.com
203,Customer202,customer202@example.com
204,Customer203,customer203@example.com
205,Customer204,customer204@example.com
206,Customer205,customer205@example.com
207,Customer206,customer206@example.com
208,Customer207,customer207@example.com
209,Customer208,customer208@example.com
210,Customer209,customer209@example.com
211,Customer210,customer210@example.com
212,Customer211,customer211@example.com
213,Customer212,customer212@example.com
214,Customer213,customer213@example.com
215,Customer214,customer214@example.com
216,Customer215,customer215@example.com
217,Customer216,customer216@example.com
218,Customer217,customer217@example.com
219,Customer218,customer218@example.com
220,Customer219,customer219@example.com
221,Customer220,customer220@example.com
222,Customer221,customer221@example.com
223,Customer222,customer222@example.com
224,Customer223,customer223@example.com
225,Customer224,customer224@example.com
226,Customer225,customer225@example.com
227,Customer226,customer226@example.com
228,Customer227,customer227@example.com
229,Customer228,customer228@example.com
230,Customer229,customer229@example.com
231,Customer230,customer230@example.com
232,Customer231,customer231@example.com
233,Customer232,customer232@example.com
234,Customer233,customer233@example.com
235,Customer234,customer234@example.com
236,Customer235,customer235@example.com
237,Customer236,customer236@example.com
238,Customer237,customer237@example.com
239,Customer238,customer238@example.com
240,Customer239,customer239@example.com
241,Customer240,customer240@example.com
242,Customer241,customer241@example.com
243,Customer242,customer242@example.com
244,Customer243,customer243@example.com
245,Customer244,customer244@example.com
246,Customer245,customer245@example.com
247,Customer246,customer246@example.com
248,Customer247,customer247@example.com
249,Customer248,customer248@example.com
250,Customer249,customer249@example.com
251,Customer250,customer250@example.com
252,Customer251,customer251@example.com
253,Customer252,customer252@example.com
254,Customer253,customer253@example.com
255,Customer254,customer254@example.com
256,Customer255,customer255@example.com
257,Customer256,customer256@example.com
258,Customer257,customer257@example.com
259,Customer258,customer258@example.com
260,Customer259,customer259@example.com
261,Customer260,customer260@example.com
262,Customer261,customer261@example.com
263,Customer262,customer262@example.com
264,Customer263,customer263@example.com
265,Customer264,customer264@example.com
266,Customer265,customer265@example.com
267,Customer266,customer266@example.com
268,Customer267,customer267@example.com
269,Customer268,customer268@example.com
270,Customer269,customer269@example.com
271,Customer270,customer270@example.com
272,Customer271,customer271@example.com
273,Customer272,customer272@example.com
274,Customer273,customer273@example.com
275,Customer274,customer274@example.com
276,Customer275,customer275@example.com
277,Customer276,customer276@example.com
278,Customer277,customer277@example.com
279,Customer278,customer278@example.com
280,Customer279,customer279@example.com
281,Customer280,customer280@example.com
282,Customer281,customer281@example.com
283,Customer282,customer282@example.com
284,Customer283,customer283@example.com
285,Customer284,customer284@example.com
286,Customer285,customer285@example.com
287,Customer286,customer286@example.com
288,Customer287,customer287@example.com
289,Customer288,customer288@example.com
290,Customer289,customer289@example.com
291,Customer290,customer290@example.com
292,Customer291,customer291@example.com
293,Customer292,customer292@example.com
294,Customer293,customer293@example.com
295,Customer294,customer294@example.com
296,Customer295,customer295@example.com
297,Customer296,customer296@example.com
298,Customer297,customer297@example.com
299,Customer298,customer298@example.com
300,Customer299,customer299@example.com
301,Customer300,customer300@example.com
302,Customer301,customer301@example.com
303,Customer302,customer302@example.com
304,Customer303,customer303@example.com
305,Customer304,customer304@example.com
306,Customer305,customer305@example.com
307,Customer306,customer306@example.com
308,Customer307,customer307@example.com
309,Customer308,customer308@example.com
310,Customer309,customer309@example.com
311,Customer310,customer310@example.com
312,Customer311,customer311@example.com
313,Customer312,customer312@example.com
314,Customer313,customer313@example.com
315,Customer314,customer314@example.com
316,Customer315,customer315@example.com
317,Customer316,customer316@example.com
318,Customer317,customer317@example.com
319,Customer318,customer318@example.com
320,Customer319,customer319@example.com
321,Customer320,customer320@example.com
322,Customer321,customer321@example.com
323,Customer322,customer322@example.com
324,Customer323,customer323@example.com
325,Customer324,customer324@example.com
326,Customer325,customer325@example.com
327,Customer326,customer326@example.com
328,Customer327,customer327@example.com
329,Customer328,customer328@example.com
330,Customer329,customer329@example.com
331,Customer330,customer330@example.com
332,Customer331,customer331@example.com
333,Customer332,customer332@example.com
334,Customer333,customer333@example.com
335,Customer334,customer334@example.com
336,Customer335,customer335@example.com
337,Customer336,customer336@example.com
338,Customer337,customer337@example.com
339,Customer338,customer338@example.com
340,Customer339,customer339@example.com
341,Customer340,customer340@example.com
342,Customer341,customer341@example.com
343,Customer342,customer342@example.com
344,Customer343,customer343@example.com
345,Customer344,customer344@example.com
346,Customer345,customer345@example.com
347,Customer346,customer346@example.com
348,Customer347,customer347@example.com
349,Customer348,customer348@example.com
350,Customer349,customer349@example.com
351,Customer350,customer350@example.com
352,Customer351,customer351@example.com
353,Customer352,customer352@example.com
354,Customer353,customer353@example.com
355,Customer354,customer354@example.com
356,Customer355,customer355@example.com
357,Customer356,customer356@example.com
358,Customer357,customer357@example.com
359,Customer358,customer358@example.com
360,Customer359,customer359@example.com
361,Customer360,customer360@example.com
362,Customer361,customer361@example.com
363,Customer362,customer362@example.com
364,Customer363,customer363@example.com
365,Customer364,customer364@example.com
366,Customer365,customer365@example.com
367,Customer366,customer366@example.com
368,Customer367,customer367@example.com
369,Customer368,customer368@example.com
370,Customer369,customer369@example.com
371,Customer370,customer370@example.com
372,Customer371,customer371@example.com
373,Customer372,customer372@example.com
374,Customer373,customer373@example.com
375,Customer374,customer374@example.com
376,Customer375,customer375@example.com
377,Customer376,customer376@example.com
378,Customer377,customer377@example.com
379,Customer378,customer378@example.com
380,Customer379,customer379@example.com
381,Customer380,customer380@example.com
382,Customer381,customer381@example.com
383,Customer382,customer382@example.com
384,Customer383,customer383@example.com
385,Customer384,customer384@example.com
386,Customer385,customer385@example.com
387,Customer386,customer386@example.com
388,Customer387,customer387@example.com
389,Customer388,customer388@example.com
390,Customer389,customer389@example.com
391,Customer390,customer390@example.com
392,Customer391,customer391@example.com
393,Customer392,customer392@example.com
394,Customer393,customer393@example.com
395,Customer394,customer394@example.com
396,Customer395,customer395@example.com
397,Customer396,customer396@example.com
398,Customer397,customer397@example.com
399,Customer398,customer398@example.com
400,Customer399,customer399@example.com
401,Customer400,customer400@example.com
402,Customer401,customer401@example.com
403,Customer402,customer402@example.com
404,Customer403,customer403@example.com
405,Customer404,customer404@example.com
406,Customer405,customer405@example.com
407,Customer406,customer406@example.com
408,Customer407,customer407@example.com
409,Customer408,customer408@example.com
410,Customer409,customer409@example.com
411,Customer410,customer410@example.com
412,Customer411,customer411@example.com
413,Customer412,customer412@example.com
414,Customer413,customer413@example.com
415,Customer414,customer414@example.com
416,Customer415,customer415@example.com
417,Customer416,customer416@example.com
418,Customer417,customer417@example.com
419,Customer418,customer418@example.com
420,Customer419,customer419@example.com
421,Customer420,customer420@example.com
422,Customer421,customer421@example.com
423,Customer422,customer422@example.com
424,Customer423,customer423@example.com
425,Customer424,customer424@example.com
426,Customer425,customer425@example.com
427,Customer426,customer426@example.com
428,Customer427,customer427@example.com
429,Customer428,customer428@example.com
430,Customer429,customer429@example.com
431,Customer430,customer430@example.com
432,Customer431,customer431@example.com
433,Customer432,customer432@example.com
434,Customer433,customer433@example.com
435,Customer434,customer434@example.com
436,Customer435,customer435@example.com
437,Customer436,customer436@example.com
438,Customer437,customer437@example.com
439,Customer438,customer438@example.com
440,Customer439,customer439@example.com
441,Customer440,customer440@example.com
442,Customer441,customer441@example.com
443,Customer442,customer442@example.com
444,Customer443,customer443@example.com
445,Customer444,customer444@example.com
446,Customer445,customer445@example.com
447,Customer446,customer446@example.com
448,Customer447,customer447@example.com
449,Customer448,customer448@example.com
450,Customer449,customer449@example.com
451,Customer450,customer450@example.com
452,Customer451,customer451@example.com
453,Customer452,customer452@example.com
454,Customer453,customer453@example.com
455,Customer454,customer454@example.com
456,Customer455,customer455@example.com
457,Customer456,customer456@example.com
458,Customer457,customer457@example.com
459,Customer458,customer458@example.com
460,Customer459,customer459@example.com
461,Customer460,customer460@example.com
462,Customer461,customer461@example.com
463,Customer462,customer462@example.com
464,Customer463,customer463@example.com
465,Customer464,customer464@example.com
466,Customer465,customer465@example.com
467,Customer466,customer466@example.com
468,Customer467,customer467@example.com
469,Customer468,customer468@example.com
470,Customer469,customer469@example.com
471,Customer470,customer470@example.com
472,Customer471,customer471@example.com
473,Customer472,customer472@example.com
474,Customer473,customer473@example.com
475,Customer474,customer474@example.com
476,Customer475,customer475@example.com
477,Customer476,customer476@example.com
478,Customer477,customer477@example.com
479,Customer478,customer478@example.com
480,Customer479,customer479@example.com
481,Customer480,customer480@example.com
482,Customer481,customer481@example.com
483,Customer482,customer482@example.com
484,Customer483,customer483@example.com
485,Customer484,customer484@example.com
486,Customer485,customer485@example.com
487,Customer486,customer486@example.com
488,Customer487,customer487@example.com
489,Customer488,customer488@example.com
490,Customer489,customer489@example.com
491,Customer490,customer490@example.com
492,Customer491,customer491@example.com
493,Customer492,customer492@example.com
494,Customer493,customer493@example.com
495,Customer494,customer494@example.com
496,Customer495,customer495@example.com
497,Customer496,customer496@example.com
498,Customer497,customer497@example.com
499,Customer498,customer498@example.com
500,Customer499,customer499@example.com
501,Customer500,customer500@example.com
502,Customer501,customer501@example.com
503,Customer502,customer502@example.com
504,Customer503,customer503@example.com
505,Customer504,customer504@example.com
506,Customer505,customer505@example.com
507,Customer506,customer506@example.com
508,Customer507,customer507@example.com
509,Customer508,customer508@example.com
510,Customer509,customer509@example.com
511,Customer510,customer510@example.com
512,Customer511,customer511@example.com
513,Customer512,customer512@example.com
514,Customer513,customer513@example.com
515,Customer514,customer514@example.com
516,Customer515,customer515@example.com
517,Customer516,customer516@example.com
518,Customer517,customer517@example.com
519,Customer518,customer518@example.com
520,Customer519,customer519@example.com
521,Customer520,customer520@example.com
522,Customer521,customer521@example.com
523,Customer522,customer522@example.com
524,Customer523,customer523@example.com
525,Customer524,customer524@example.com
526,Customer525,customer525@example.com
527,Customer526,customer526@example.com
528,Customer527,customer527@example.com
529,Customer528,customer528@example.com
530,Customer529,customer529@example.com
531,Customer530,customer530@example.com
532,Customer531,customer531@example.com
533,Customer532,customer532@example.com
534,Customer533,customer533@example.com
535,Customer534,customer534@example.com
536,Customer535,customer535@example.com
537,Customer536,customer536@example.com
538,Customer537,customer537@example.com
539,Customer538,customer538@example.com
540,Customer539,customer539@example.com
541,Customer540,customer540@example.com
542,Customer541,customer541@example.com
543,Customer542,customer542@example.com
544,Customer543,customer543@example.com
545,Customer544,customer544@example.com
546,Customer545,customer545@example.com
547,Customer546,customer546@example.com
548,Customer547,customer547@example.com
549,Customer548,customer548@example.com
550,Customer549,customer549@example.com
551,Customer550,customer550@example.com
552,Customer551,customer551@example.com
553,Customer552,customer552@example.com
554,Customer553,customer553@example.com
555,Customer554,customer554@example.com
556,Customer555,customer555@example.com
557,Customer556,customer556@example.com
558,Customer557,customer557@example.com
559,Customer558,customer558@example.com
560,Customer559,customer559@example.com
561,Customer560,customer560@example.com
562,Customer561,customer561@example.com
563,Customer562,customer562@example.com
564,Customer563,customer563@example.com
565,Customer564,customer564@example.com
566,Customer565,customer565@example.com
567,Customer566,customer566@example.com
568,Customer567,customer567@example.com
569,Customer568,customer568@example.com
570,Customer569,customer569@example.com
571,Customer570,customer570@example.com
572,Customer571,customer571@example.com
573,Customer572,customer572@example.com
574,Customer573,customer573@example.com
575,Customer574,customer574@example.com
576,Customer575,customer575@example.com
577,Customer576,customer576@example.com
578,Customer577,customer577@example.com
579,Customer578,customer578@example.com
580,Customer579,customer579@example.com
581,Customer580,customer580@example.com
582,Customer581,customer581@example.com
583,Customer582,customer582@example.com
584,Customer583,customer583@example.com
585,Customer584,customer584@example.com
586,Customer585,customer585@example.com
587,Customer586,customer586@example.com
588,Customer587,customer587@example.com
589,Customer588,customer588@example.com
590,Customer589,customer589@example.com
591,Customer590,customer590@example.com
592,Customer591,customer591@example.com
593,Customer592,customer592@example.com
594,Customer593,customer593@example.com
595,Customer594,customer594@example.com
596,Customer595,customer595@example.com
597,Customer596,customer596@example.com
598,Customer597,customer597@example.com
599,Customer598,customer598@example.com
600,Customer599,customer599@example.com
601,Customer600,customer600@example.com
602,Customer601,customer601@example.com
603,Customer602,customer602@example.com
604,Customer603,customer603@example.com
605,Customer604,customer604@example.com
606,Customer605,customer605@example.com
607,Customer606,customer606@example.com
608,Customer607,customer607@example.com
609,Customer608,customer608@example.com
610,Customer609,customer609@example.com
611,Customer610,customer610@example.com
612,Customer611,customer611@example.com
613,Customer612,customer612@example.com
614,Customer613,customer613@example.com
615,Customer614,customer614@example.com
616,Customer615,customer615@example.com
617,Customer616,customer616@example.com
618,Customer617,customer617@example.com
619,Customer618,customer618@example.com
620,Customer619,customer619@example.com
621,Customer620,customer620@example.com
622,Customer621,customer621@example.com
623,Customer622,customer622@example.com
624,Customer623,customer623@example.com
625,Customer624,customer624@example.com
626,Customer625,customer625@example.com
627,Customer626,customer626@example.com
628,Customer627,customer627@example.com
629,Customer628,customer628@example.com
630,Customer629,customer629@example.com
631,Customer630,customer630@example.com
632,Customer631,customer631@example.com
633,Customer632,customer632@example.com
634,Customer633,customer633@example.com
635,Customer634,customer634@example.com
636,Customer635,customer635@example.com
637,Customer636,customer636@example.com
638,Customer637,customer637@example.com
639,Customer638,customer638@example.com
640,Customer639,customer639@example.com
641,Customer640,customer640@example.com
642,Customer641,customer641@example.com
643,Customer642,customer642@example.com
644,Customer643,customer643@example.com
645,Customer644,customer644@example.com
646,Customer645,customer645@example.com
647,Customer646,customer646@example.com
648,Customer647,customer647@example.com
649,Customer648,customer648@example.com
650,Customer649,customer649@example.com
651,Customer650,customer650@example.com
652,Customer651,customer651@example.com
653,Customer652,customer652@example.com
654,Customer653,customer653@example.com
655,Customer654,customer654@example.com
656,Customer655,customer655@example.com
657,Customer656,customer656@example.com
658,Customer657,customer657@example.com
659,Customer658,customer658@example.com
660,Customer659,customer659@example.com
661,Customer660,customer660@example.com
662,Customer661,customer661@example.com
663,Customer662,customer662@example.com
664,Customer663,customer663@example.com
665,Customer664,customer664@example.com
666,Customer665,customer665@example.com
667,Customer666,customer666@example.com
668,Customer667,customer667@example.com
669,Customer668,customer668@example.com
670,Customer669,customer669@example.com
671,Customer670,customer670@example.com
672,Customer671,customer671@example.com
673,Customer672,customer672@example.com
674,Customer673,customer673@example.com
675,Customer674,customer674@example.com
676,Customer675,customer675@example.com
677,Customer676,customer676@example.com
678,Customer677,customer677@example.com
679,Customer678,customer678@example.com
680,Customer679,customer679@example.com
681,Customer680,customer680@example.com
682,Customer681,customer681@example.com
683,Customer682,customer682@example.com
684,Customer683,customer683@example.com
685,Customer684,customer684@example.com
686,Customer685,customer685@example.com
687,Customer686,customer686@example.com
688,Customer687,customer687@example.com
689,Customer688,customer688@example.com
690,Customer689,customer689@example.com
691,Customer690,customer690@example.com
692,Customer691,customer691@example.com
693,Customer692,customer692@example.com
694,Customer693,customer693@example.com
695,Customer694,customer694@example.com
696,Customer695,customer695@example.com
697,Customer696,customer696@example.com
698,Customer697,customer697@example.com
699,Customer698,customer698@example.com
700,Customer699,customer699@example.com
701,Customer700,customer700@example.com
702,Customer701,customer701@example.com
703,Customer702,customer702@example.com
704,Customer703,customer703@example.com
705,Customer704,customer704@example.com
706,Customer705,customer705@example.com
707,Customer706,customer706@example.com
708,Customer707,customer707@example.com
709,Customer708,customer708@example.com
710,Customer709,customer709@example.com
711,Customer710,customer710@example.com
712,Customer711,customer711@example.com
713,Customer712,customer712@example.com
714,Customer713,customer713@example.com
715,Customer714,customer714@example.com
716,Customer715,customer715@example.com
717,Customer716,customer716@example.com
718,Customer717,customer717@example.com
719,Customer718,customer718@example.com
720,Customer719,customer719@example.com
721,Customer720,customer720@example.com
722,Customer721,customer721@example.com
723,Customer722,customer722@example.com
724,Customer723,customer723@example.com
725,Customer724,customer724@example.com
726,Customer725,customer725@example.com
727,Customer726,customer726@example.com
728,Customer727,customer727@example.com
729,Customer728,customer728@example.com
730,Customer729,customer729@example.com
731,Customer730,customer730@example.com
732,Customer731,customer731@example.com
733,Customer732,customer732@example.com
734,Customer733,customer733@example.com
735,Customer734,customer734@example.com
736,Customer735,customer735@example.com
737,Customer736,customer736@example.com
738,Customer737,customer737@example.com
739,Customer738,customer738@example.com
740,Customer739,customer739@example.com
741,Customer740,customer740@example.com
742,Customer741,customer741@example.com
743,Customer742,customer742@example.com
744,Customer743,customer743@example.com
745,Customer744,customer744@example.com
746,Customer745,customer745@example.com
747,Customer746,customer746@example.com
748,Customer747,customer747@example.com
749,Customer748,customer748@example.com
750,Customer749,customer749@example.com
751,Customer750,customer750@example.com
752,Customer751,customer751@example.com
753,Customer752,customer752@example.com
754,Customer753,customer753@example.com
755,Customer754,customer754@example.com
756,Customer755,customer755@example.com
757,Customer756,customer756@example.com
758,Customer757,customer757@example.com
759,Customer758,customer758@example.com
760,Customer759,customer759@example.com
761,Customer760,customer760@example.com
762,Customer761,customer761@example.com
763,Customer762,customer762@example.com
764,Customer763,customer763@example.com
765,Customer764,customer764@example.com
766,Customer765,customer765@example.com
767,Customer766,customer766@example.com
768,Customer767,customer767@example.com
769,Customer768,customer768@example.com
770,Customer769,customer769@example.com
771,Customer770,customer770@example.com
772,Customer771,customer771@example.com
773,Customer772,customer772@example.com
774,Customer773,customer773@example.com
775,Customer774,customer774@example.com
776,Customer775,customer775@example.com
777,Customer776,customer776@example.com
778,Customer777,customer777@example.com
779,Customer778,customer778@example.com
780,Customer779,customer779@example.com
781,Customer780,customer780@example.com
782,Customer781,customer781@example.com
783,Customer782,customer782@example.com
784,Customer783,customer783@example.com
785,Customer784,customer784@example.com
786,Customer785,customer785@example.com
787,Customer786,customer786@example.com
788,Customer787,customer787@example.com
789,Customer788,customer788@example.com
790,Customer789,customer789@example.com
791,Customer790,customer790@example.com
792,Customer791,customer791@example.com
793,Customer792,customer792@example.com
794,Customer793,customer793@example.com
795,Customer794,customer794@example.com
796,Customer795,customer795@example.com
797,Customer796,customer796@example.com
798,Customer797,customer797@example.com
799,Customer798,customer798@example.com
800,Customer799,customer799@example.com
801,Customer800,customer800@example.com
802,Customer801,customer801@example.com
803,Customer802,customer802@example.com
804,Customer803,customer803@example.com
805,Customer804,customer804@example.com
806,Customer805,customer805@example.com
807,Customer806,customer806@example.com
808,Customer807,customer807@example.com
809,Customer808,customer808@example.com
810,Customer809,customer809@example.com
811,Customer810,customer810@example.com
812,Customer811,customer811@example.com
813,Customer812,customer812@example.com
814,Customer813,customer813@example.com
815,Customer814,customer814@example.com
816,Customer815,customer815@example.com
817,Customer816,customer816@example.com
818,Customer817,customer817@example.com
819,Customer818,customer818@example.com
820,Customer819,customer819@example.com
821,Customer820,customer820@example.com
822,Customer821,customer821@example.com
823,Customer822,customer822@example.com
824,Customer823,customer823@example.com
825,Customer824,customer824@example.com
826,Customer825,customer825@example.com
827,Customer826,customer826@example.com
828,Customer827,customer827@example.com
829,Customer828,customer828@example.com
830,Customer829,customer829@example.com
831,Customer830,customer830@example.com
832,Customer831,customer831@example.com
833,Customer832,customer832@example.com
834,Customer833,customer833@example.com
835,Customer834,customer834@example.com
836,Customer835,customer835@example.com
837,Customer836,customer836@example.com
838,Customer837,customer837@example.com
839,Customer838,customer838@example.com
840,Customer839,customer839@example.com
841,Customer840,customer840@example.com
842,Customer841,customer841@example.com
843,Customer842,customer842@example.com
844,Customer843,customer843@example.com
845,Customer844,customer844@example.com
846,Customer845,customer845@example.com
847,Customer846,customer846@example.com
848,Customer847,customer847@example.com
849,Customer848,customer848@example.com
850,Customer849,customer849@example.com
851,Customer850,customer850@example.com
852,Customer851,customer851@example.com
853,Customer852,customer852@example.com
854,Customer853,customer853@example.com
855,Customer854,customer854@example.com
856,Customer855,customer855@example.com
857,Customer856,customer856@example.com
858,Customer857,customer857@example.com
859,Customer858,customer858@example.com
860,Customer859,customer859@example.com
861,Customer860,customer860@example.com
862,Customer861,customer861@example.com
863,Customer862,customer862@example.com
864,Customer863,customer863@example.com
865,Customer864,customer864@example.com
866,Customer865,customer865@example.com
867,Customer866,customer866@example.com
868,Customer867,customer867@example.com
869,Customer868,customer868@example.com
870,Customer869,customer869@example.com
871,Customer870,customer870@example.com
872,Customer871,customer871@example.com
873,Customer872,customer872@example.com
874,Customer873,customer873@example.com
875,Customer874,customer874@example.com
876,Customer875,customer875@example.com
877,Customer876,customer876@example.com
878,Customer877,customer877@example.com
879,Customer878,customer878@example.com
880,Customer879,customer879@example.com
881,Customer880,customer880@example.com
882,Customer881,customer881@example.com
883,Customer882,customer882@example.com
884,Customer883,customer883@example.com
885,Customer884,customer884@example.com
886,Customer885,customer885@example.com
887,Customer886,customer886@example.com
888,Customer887,customer887@example.com
889,Customer888,customer888@example.com
890,Customer889,customer889@example.com
891,Customer890,customer890@example.com
892,Customer891,customer891@example.com
893,Customer892,customer892@example.com
894,Customer893,customer893@example.com
895,Customer894,customer894@example.com
896,Customer895,customer895@example.com
897,Customer896,customer896@example.com
898,Customer897,customer897@example.com
899,Customer898,customer898@example.com
900,Customer899,customer899@example.com
901,Customer900,customer900@example.com
902,Customer901,customer901@example.com
903,Customer902,customer902@example.com
904,Customer903,customer903@example.com
905,Customer904,customer904@example.com
906,Customer905,customer905@example.com
907,Customer906,customer906@example.com
908,Customer907,customer907@example.com
909,Customer908,customer908@example.com
910,Customer909,customer909@example.com
911,Customer910,customer910@example.com
912,Customer911,customer911@example.com
913,Customer912,customer912@example.com
914,Customer913,customer913@example.com
915,Customer914,customer914@example.com
916,Customer915,customer915@example.com
917,Customer916,customer916@example.com
918,Customer917,customer917@example.com
919,Customer918,customer918@example.com
920,Customer919,customer919@example.com
921,Customer920,customer920@example.com
922,Customer921,customer921@example.com
923,Customer922,customer922@example.com
924,Customer923,customer923@example.com
925,Customer924,customer924@example.com
926,Customer925,customer925@example.com
927,Customer926,customer926@example.com
928,Customer927,customer927@example.com
929,Customer928,customer928@example.com
930,Customer929,customer929@example.com
931,Customer930,customer930@example.com
932,Customer931,customer931@example.com
933,Customer932,customer932@example.com
934,Customer933,customer933@example.com
935,Customer934,customer934@example.com
936,Customer935,customer935@example.com
937,Customer936,customer936@example.com
938,Customer937,customer937@example.com
939,Customer938,customer938@example.com
940,Customer939,customer939@example.com
941,Customer940,customer940@example.com
942,Customer941,customer941@example.com
943,Customer942,customer942@example.com
944,Customer943,customer943@example.com
945,Customer944,customer944@example.com
946,Customer945,customer945@example.com
947,Customer946,customer946@example.com
948,Customer947,customer947@example.com
949,Customer948,customer948@example.com
950,Customer949,customer949@example.com
951,Customer950,customer950@example.com
952,Customer951,customer951@example.com
953,Customer952,customer952@example.com
954,Customer953,customer953@example.com
955,Customer954,customer954@example.com
956,Customer955,customer955@example.com
957,Customer956,customer956@example.com
958,Customer957,customer957@example.com
959,Customer958,customer958@example.com
960,Customer959,customer959@example.com
961,Customer960,customer960@example.com
962,Customer961,customer961@example.com
963,Customer962,customer962@example.com
964,Customer963,customer963@example.com
965,Customer964,customer964@example.com
966,Customer965,customer965@example.com
967,Customer966,customer966@example.com
968,Customer967,customer967@example.com
969,Customer968,customer968@example.com
970,Customer969,customer969@example.com
971,Customer970,customer970@example.com
972,Customer971,customer971@example.com
973,Customer972,customer972@example.com
974,Customer973,customer973@example.com
975,Customer974,customer974@example.com
976,Customer975,customer975@example.com
977,Customer976,customer976@example.com
978,Customer977,customer977@example.com
979,Customer978,customer978@example.com
980,Customer979,customer979@example.com
981,Customer980,customer980@example.com
982,Customer981,customer981@example.com
983,Customer982,customer982@example.com
984,Customer983,customer983@example.com
985,Customer984,customer984@example.com
986,Customer985,customer985@example.com
987,Customer986,customer986@example.com
988,Customer987,customer987@example.com
989,Customer988,customer988@example.com
990,Customer989,customer989@example.com
991,Customer990,customer990@example.com
992,Customer991,customer991@example.com
993,Customer992,customer992@example.com
994,Customer993,customer993@example.com
995,Customer994,customer994@example.com
996,Customer995,customer995@example.com
997,Customer996,customer996@example.com
998,Customer997,customer997@example.com
999,Customer998,customer998@example.com
1000,Customer999,customer999@example.com
